1,2,RAL74587049,NULL
2,9,RAL10555354,Темно-бирюзовый
3,2,RAL43977024,Васильковый
4,5,RAL35562269,NULL
5,8,RAL17391641,NULL
6,2,RAL51349653,NULL
7,6,RAL19269658,NULL
8,7,RAL81760718,Хаки
9,8,RAL92243941,NULL
10,7,RAL81346592,NULL
11,4,RAL05781737,NULL
12,2,RAL60710437,Темно-розовый
13,4,RAL37466732,NULL
14,1,RAL14425325,NULL
15,10,RAL32781410,NULL
16,7,RAL26804323,Светло-серый
17,4,RAL90641558,NULL
18,4,RAL73199830,Темно-фиолетовый
19,8,RAL14601552,NULL
20,5,RAL74234707,NULL
21,5,RAL83910494,Васильковый
22,6,RAL41685648,NULL
23,4,RAL51170318,NULL
24,1,RAL50719792,NULL
25,8,RAL04775607,NULL
26,1,RAL25721591,Пурпурный
27,1,RAL63843255,NULL
28,2,RAL17498999,NULL
29,8,RAL21975837,NULL
30,1,RAL48929530,NULL
31,8,RAL52683220,Светло-синий
32,9,RAL60454843,NULL
33,7,RAL81340019,NULL
34,9,RAL66897170,NULL
35,10,RAL71075495,NULL
36,1,RAL02547336,NULL
37,10,RAL51393427,NULL
38,2,RAL21506994,NULL
39,3,RAL58211441,NULL
40,9,RAL92961784,NULL
41,1,RAL40686059,Сине-фиолетовый
42,4,RAL58301562,NULL
43,3,RAL24233279,Бледно-Бирюзовый
44,1,RAL88319629,NULL
45,2,RAL32911886,NULL
46,5,RAL13556938,NULL
47,9,RAL84569509,NULL
48,10,RAL44804961,Бледно-Бирюзовый
49,8,RAL74763078,NULL
50,8,RAL01921328,NULL
51,8,RAL28722885,Светло-синий
52,10,RAL26055282,Шоколадный
53,5,RAL29899159,NULL
54,10,RAL66013983,NULL
55,8,RAL38435270,NULL
56,4,RAL08719799,NULL
57,7,RAL47313262,NULL
58,1,RAL38923944,NULL
59,3,RAL96470305,NULL
60,4,RAL52417221,NULL
61,3,RAL20246181,Цвет морской волны
62,3,RAL03120477,NULL
63,1,RAL36064229,NULL
64,3,RAL35050247,NULL
65,9,RAL27768136,NULL
66,8,RAL33575537,Синий
67,7,RAL54618626,NULL
68,10,RAL61717565,NULL
69,2,RAL62989824,NULL
70,8,RAL89490198,NULL
71,9,RAL81024377,Античный Белый
72,9,RAL63333442,NULL
73,1,RAL05415724,NULL
74,6,RAL31856799,NULL
75,7,RAL03167670,NULL
76,5,RAL58715079,Желто-зеленый
77,9,RAL72993415,NULL
78,6,RAL33111001,Темно-голубой
79,7,RAL72101438,NULL
80,3,RAL96884638,NULL
81,4,RAL37921842,NULL
82,3,RAL41841891,NULL
83,7,RAL32176100,Темно-голубой
84,6,RAL34487730,Оранжево-красный
85,3,RAL87674392,NULL
86,3,RAL72186855,NULL
87,3,RAL80825418,Малиновый
88,6,RAL32240726,NULL
89,9,RAL18475562,NULL
90,6,RAL46064158,NULL
91,8,RAL11802556,NULL
92,2,RAL79518567,NULL
93,2,RAL34007396,Розовато-лавандовый
94,8,RAL72121443,NULL
95,8,RAL37085407,NULL
96,10,RAL02677279,NULL
97,5,RAL55753951,Серый
98,10,RAL51874223,NULL
99,7,RAL29229697,Светло-серый
100,9,RAL66030126,NULL
101,8,RAL22095824,NULL
102,10,RAL91580801,NULL
103,1,RAL26888774,NULL
104,9,RAL55440967,NULL
105,3,RAL66009184,NULL
106,10,RAL28781660,Малиновый
107,6,RAL79854313,NULL
108,4,RAL50871308,NULL
109,9,RAL88887012,Светло-желтый
110,9,RAL25791860,NULL
111,1,RAL86956659,NULL
112,4,RAL60148469,NULL
113,10,RAL33393636,NULL
114,6,RAL20856007,NULL
115,4,RAL44587796,NULL
116,5,RAL11712893,NULL
117,8,RAL43768509,NULL
118,10,RAL64279213,NULL
119,9,RAL52147272,Темно-голубой
120,5,RAL61089198,NULL
121,9,RAL16801431,NULL
122,8,RAL04353645,Лазурный
123,6,RAL39856678,NULL
124,10,RAL36591466,NULL
125,10,RAL93333528,Шоколадный
126,1,RAL31225816,NULL
127,3,RAL13935627,NULL
128,10,RAL12511594,NULL
129,8,RAL02600512,NULL
130,2,RAL78152854,NULL
131,3,RAL16114913,Светло-синий
132,4,RAL19737591,NULL
133,3,RAL56417821,Оранжевый
134,9,RAL03663684,NULL
135,5,RAL73556381,NULL
136,1,RAL29627202,NULL
137,3,RAL73852827,NULL
138,1,RAL79311878,NULL
139,7,RAL32393590,NULL
140,2,RAL61151772,NULL
141,5,RAL57399041,NULL
142,7,RAL98414383,NULL
143,3,RAL60665355,NULL
144,6,RAL13250416,NULL
145,7,RAL96666319,NULL
146,4,RAL15631688,NULL
147,9,RAL17034395,Желто-зеленый
148,9,RAL08671820,NULL
149,6,RAL74448418,NULL
150,8,RAL17324915,Аквамарин
151,1,RAL16767409,NULL
152,7,RAL87442083,NULL
153,10,RAL62725750,NULL
154,7,RAL24616065,Серый
155,5,RAL44275976,Индиго
156,2,RAL18359329,NULL
157,7,RAL32377668,NULL
158,1,RAL68322816,NULL
159,2,RAL15881922,NULL
160,3,RAL73220138,NULL
161,8,RAL68741846,NULL
162,6,RAL45048999,NULL
163,3,RAL28430124,NULL
164,2,RAL47158009,Сине-фиолетовый
165,4,RAL36772551,NULL
166,2,RAL19390161,NULL
167,8,RAL47205505,NULL
168,2,RAL65376744,NULL
169,7,RAL20761714,NULL
170,7,RAL91452627,NULL
171,4,RAL41258095,Лазурный
172,3,RAL19775692,Светло-зеленый
173,8,RAL69354960,NULL
174,9,RAL85577534,NULL
175,10,RAL84284990,NULL
176,3,RAL91040626,NULL
177,1,RAL50400461,Светло-голубой
178,8,RAL97156604,NULL
179,6,RAL73538417,NULL
180,9,RAL50347377,NULL
181,5,RAL53733917,Светло-голубой
182,2,RAL01245653,NULL
183,3,RAL22641137,Ярко-розовый
184,2,RAL55572583,Фиолетовый
185,1,RAL98017645,NULL
186,6,RAL14424786,NULL
187,7,RAL15916402,NULL
188,9,RAL00073097,NULL
189,2,RAL99915209,NULL
190,6,RAL04063568,Светло-синий
191,1,RAL89069523,NULL
192,2,RAL95551814,NULL
193,8,RAL73535249,Васильковый
194,2,RAL78249950,NULL
195,2,RAL80362814,NULL
196,10,RAL29420070,NULL
197,3,RAL66579199,NULL
198,7,RAL64771311,NULL
199,10,RAL17182270,NULL
200,5,RAL05504718,NULL
201,5,RAL88308753,Светло-желтый
202,9,RAL72057469,Оранжевый
203,1,RAL34074916,Бледно-Бирюзовый
204,5,RAL89821619,NULL
205,8,RAL93592796,NULL
206,6,RAL54570313,NULL
207,5,RAL56711059,Светло-желтый
208,8,RAL86085250,NULL
209,6,RAL15446015,NULL
210,1,RAL30485983,Аквамарин
211,3,RAL53906038,NULL
212,5,RAL41621042,Фиолетовый
213,9,RAL36794232,NULL
214,3,RAL66885122,NULL
215,6,RAL70396225,NULL
216,6,RAL71282688,NULL
217,3,RAL69244728,NULL
218,9,RAL54886612,NULL
219,8,RAL68491659,NULL
220,10,RAL08937568,NULL
221,1,RAL65490310,NULL
222,4,RAL76337796,Бирюзовый
223,1,RAL86823470,NULL
224,1,RAL06285463,NULL
225,1,RAL09484566,NULL
226,10,RAL92425392,NULL
227,9,RAL64758312,NULL
228,5,RAL38993886,NULL
229,10,RAL56109474,NULL
230,10,RAL78367647,NULL
231,2,RAL58555927,Золотой
232,3,RAL28208808,NULL
233,2,RAL89067475,NULL
234,10,RAL79660891,NULL
235,4,RAL26521152,NULL
236,5,RAL55688987,NULL
237,2,RAL82320409,NULL
238,3,RAL06906696,Темный хаки
239,5,RAL86126496,NULL
240,1,RAL49546323,NULL
241,1,RAL19828121,NULL
242,7,RAL98691852,NULL
243,2,RAL73979425,NULL
244,2,RAL61508910,NULL
245,7,RAL12149964,NULL
246,7,RAL08208330,NULL
247,3,RAL90001192,NULL
248,8,RAL84353795,NULL
249,9,RAL22294579,NULL
250,9,RAL24931939,NULL
251,2,RAL55742283,NULL
252,9,RAL16629226,Черный
253,4,RAL07002472,Коричневый
254,6,RAL14604157,NULL
255,6,RAL65440698,NULL
256,5,RAL97612155,Темно-синий
257,6,RAL40797502,NULL
258,4,RAL13466787,Синий
259,8,RAL54688391,NULL
260,10,RAL57199047,NULL
261,5,RAL24355025,Розовый
262,8,RAL58041734,NULL
263,5,RAL08888259,NULL
264,3,RAL72919811,NULL
265,9,RAL79962896,NULL
266,3,RAL10444191,NULL
267,5,RAL28356301,NULL
268,2,RAL85663503,Аквамарин
269,2,RAL71993652,NULL
270,5,RAL71910284,NULL
271,7,RAL42386360,Фиолетовый
272,1,RAL18218350,NULL
273,8,RAL35988717,NULL
274,3,RAL33631479,NULL
275,6,RAL63937510,NULL
276,8,RAL72729380,NULL
277,2,RAL70207255,Синий
278,9,RAL94663419,NULL
279,10,RAL82515041,NULL
280,9,RAL75210229,NULL
281,9,RAL31930406,NULL
282,10,RAL35863731,NULL
283,4,RAL28755166,NULL
284,8,RAL87091922,Слоновая кость
285,3,RAL62758673,NULL
286,8,RAL85528949,Цвет морской волны
287,10,RAL85901810,NULL
288,6,RAL42355083,NULL
289,2,RAL76082597,Синий
290,10,RAL23126176,NULL
291,10,RAL54014749,NULL
292,3,RAL35999027,NULL
293,6,RAL30365414,NULL
294,1,RAL87876710,NULL
295,10,RAL12481347,Серый
296,10,RAL89378007,NULL
297,4,RAL56467109,NULL
298,9,RAL35435099,NULL
299,5,RAL97114741,NULL
300,9,RAL78560208,NULL
301,2,RAL32234404,NULL
302,9,RAL71026275,Слоновая кость
303,4,RAL74697274,NULL
304,9,RAL82069735,NULL
305,1,RAL51301422,NULL
306,6,RAL31939850,NULL
307,2,RAL99583248,NULL
308,8,RAL08804204,Оранжево-красный
309,10,RAL09048287,NULL
310,5,RAL34077719,Коричневый
311,7,RAL95821979,NULL
312,5,RAL77424549,NULL
313,9,RAL61676299,NULL
314,5,RAL98939503,NULL
315,9,RAL50486076,NULL
316,4,RAL37735579,NULL
317,1,RAL55656665,NULL
318,9,RAL91964694,Темно-серый
319,4,RAL91319364,NULL
320,4,RAL54082335,NULL
321,10,RAL29030521,Белый
322,9,RAL80123866,NULL
323,10,RAL20584108,NULL
324,6,RAL55345064,Красный
325,3,RAL56207064,NULL
326,1,RAL14134739,NULL
327,10,RAL77319128,Малиновый
328,5,RAL08268778,NULL
329,4,RAL14128813,NULL
330,2,RAL28353317,NULL
331,10,RAL11004073,NULL
332,3,RAL69133244,NULL
333,9,RAL81191062,Розовый
334,5,RAL91557087,NULL
335,4,RAL03976807,NULL
336,8,RAL27010648,Сливовый
337,5,RAL47598805,NULL
338,1,RAL94530667,NULL
339,9,RAL93975490,NULL
340,8,RAL02469119,NULL
341,2,RAL47153721,NULL
342,8,RAL24923989,NULL
343,3,RAL58095621,Фуксия
344,1,RAL40470283,NULL
345,8,RAL38553363,Бежевый
346,7,RAL16880689,NULL
347,2,RAL10010495,NULL
348,5,RAL03548981,NULL
349,5,RAL70434514,NULL
350,8,RAL83435096,NULL
351,2,RAL17854863,NULL
352,1,RAL89040751,NULL
353,6,RAL80024552,Светло-голубой
354,1,RAL26303505,NULL
355,9,RAL56447866,NULL
356,4,RAL80557135,NULL
357,4,RAL61071483,NULL
358,9,RAL51586263,Слоновая кость
359,2,RAL46615107,NULL
360,4,RAL28133476,NULL
361,1,RAL56419382,NULL
362,5,RAL72761618,NULL
363,5,RAL89344293,NULL
364,3,RAL55373067,NULL
365,10,RAL49507379,Темно-серый
366,8,RAL89194072,NULL
367,1,RAL33257679,NULL
368,4,RAL58925003,Бирюзовый
369,4,RAL44807771,NULL
370,8,RAL26779720,Желто-зеленый
371,5,RAL85757103,NULL
372,7,RAL80378860,NULL
373,10,RAL50227068,Желтый
374,6,RAL57553689,NULL
375,6,RAL10699720,NULL
376,7,RAL83998256,NULL
377,2,RAL72653333,NULL
378,10,RAL49944860,Лазурный
379,1,RAL21188985,NULL
380,5,RAL85118140,NULL
381,5,RAL91901279,Темно-бирюзовый
382,3,RAL79475792,NULL
383,3,RAL70580686,NULL
384,10,RAL74334285,NULL
385,4,RAL06140816,NULL
386,10,RAL03334812,NULL
387,1,RAL64962405,NULL
388,4,RAL47721906,NULL
389,9,RAL18575064,NULL
390,10,RAL55235518,Белый
391,1,RAL00785198,NULL
392,1,RAL68325978,Бледно-Бирюзовый
393,10,RAL93303156,NULL
394,10,RAL02519869,Розовый
395,9,RAL66525011,NULL
396,8,RAL12721689,NULL
397,7,RAL97679240,NULL
398,4,RAL17680554,Пурпурный
399,8,RAL62917612,NULL
400,3,RAL65401323,NULL
401,7,RAL67152810,NULL
402,4,RAL87566833,Синий
403,8,RAL98238811,NULL
404,10,RAL37647483,Оранжево-красный
405,3,RAL18938524,NULL
406,8,RAL94408515,Коралловый
407,3,RAL29055142,NULL
408,5,RAL74747115,NULL
409,8,RAL71082349,NULL
410,7,RAL22699510,Темно-синий
411,5,RAL40178516,NULL
412,2,RAL51653477,NULL
413,8,RAL65823668,NULL
414,5,RAL77345790,NULL
415,4,RAL03531396,NULL
416,2,RAL74184248,NULL
417,9,RAL22679666,Розовато-лавандовый
418,8,RAL12857845,NULL
419,5,RAL52806988,NULL
420,8,RAL91474575,NULL
421,3,RAL64546698,NULL
422,10,RAL47808805,NULL
423,9,RAL68035754,NULL
424,2,RAL47759107,NULL
425,7,RAL67570355,NULL
426,4,RAL69026331,NULL
427,3,RAL56132298,NULL
428,7,RAL30291607,NULL
429,5,RAL50583454,NULL
430,1,RAL31836173,NULL
431,6,RAL41548370,NULL
432,7,RAL37486167,Бледно-зеленый
433,4,RAL03605486,NULL
434,4,RAL28719762,NULL
435,1,RAL34258002,NULL
436,10,RAL47484986,NULL
437,9,RAL62626729,NULL
438,8,RAL57979755,NULL
439,7,RAL78147768,NULL
440,1,RAL44773687,NULL
441,7,RAL38505638,NULL
442,2,RAL72884782,NULL
443,4,RAL91873002,NULL
444,10,RAL38559433,Светло-голубой
445,6,RAL29010592,NULL
446,2,RAL70864830,Желтый
447,5,RAL56887396,NULL
448,8,RAL62057943,NULL
449,9,RAL34993514,NULL
450,7,RAL09818866,NULL
451,7,RAL94222708,NULL
452,9,RAL54033542,NULL
453,10,RAL61754485,NULL
454,2,RAL90376047,NULL
455,10,RAL89844120,Желтый
456,6,RAL39890788,Хаки
457,2,RAL52944499,NULL
458,2,RAL84868121,NULL
459,4,RAL36596768,NULL
460,7,RAL32198829,NULL
461,1,RAL33335445,NULL
462,7,RAL05683635,NULL
463,1,RAL42714736,NULL
464,5,RAL25073423,Шоколадный
465,1,RAL86417204,NULL
466,5,RAL40192390,NULL
467,10,RAL71155623,NULL
468,5,RAL53975447,NULL
469,9,RAL58005057,Индиго
470,2,RAL75622480,Шоколадный
471,3,RAL10028186,NULL
472,2,RAL13387792,Слоновая кость
473,4,RAL93094818,NULL
474,7,RAL28112211,NULL
475,1,RAL80192732,Бледно-зеленый
476,1,RAL87587159,Темно-фиолетовый
477,1,RAL12525966,NULL
478,8,RAL27059708,NULL
479,3,RAL30416789,NULL
480,5,RAL68470890,NULL
481,6,RAL89607862,NULL
482,2,RAL67425761,NULL
483,10,RAL71904337,Каштановый
484,8,RAL38297090,NULL
485,5,RAL46412256,NULL
486,1,RAL18081787,NULL
487,8,RAL80369325,NULL
488,1,RAL97856849,NULL
489,7,RAL05658954,Оранжево-красный
490,8,RAL62008020,Бежевый
491,8,RAL45918919,Темно-серый
492,8,RAL95639956,NULL
493,1,RAL60764669,NULL
494,9,RAL66970231,NULL
495,4,RAL34102879,NULL
496,1,RAL17574167,NULL
497,5,RAL62259095,Серый
498,2,RAL63277968,NULL
499,2,RAL34591598,Аквамарин
500,9,RAL35011804,Синий
501,7,RAL33664002,NULL
502,4,RAL68306977,NULL
503,4,RAL59057543,NULL
504,3,RAL18706680,Шоколадный
505,5,RAL20328689,NULL
506,3,RAL43687053,NULL
507,8,RAL87218305,NULL
508,9,RAL46402288,NULL
509,1,RAL62428088,Бирюзовый
510,9,RAL80153566,Сине-фиолетовый
511,8,RAL98044429,NULL
512,6,RAL94643459,NULL
513,3,RAL26908724,NULL
514,6,RAL50070084,NULL
515,6,RAL92895270,NULL
516,1,RAL79763127,NULL
517,1,RAL32572285,NULL
518,2,RAL24549240,NULL
519,2,RAL04550679,NULL
520,6,RAL60541345,NULL
521,5,RAL72231579,NULL
522,7,RAL23910836,NULL
523,6,RAL06699055,Красный
524,4,RAL36429011,NULL
525,6,RAL55918558,Темно-красный
526,3,RAL52708923,NULL
527,7,RAL90697708,NULL
528,3,RAL94398748,Слоновая кость
529,10,RAL54745285,NULL
530,2,RAL74126750,NULL
531,8,RAL89340745,NULL
532,3,RAL60143433,NULL
533,1,RAL56348149,NULL
534,6,RAL77555878,NULL
535,9,RAL92131866,NULL
536,8,RAL23905238,NULL
537,3,RAL77782755,NULL
538,3,RAL22430779,NULL
539,9,RAL93843317,NULL
540,2,RAL03720271,NULL
541,4,RAL33877723,NULL
542,3,RAL61807396,NULL
543,10,RAL49579550,NULL
544,10,RAL47033450,NULL
545,10,RAL67059966,NULL
546,8,RAL29573066,NULL
547,5,RAL37128395,Серый
548,1,RAL91973856,NULL
549,5,RAL62874021,NULL
550,8,RAL13185800,NULL
551,3,RAL56106565,NULL
552,4,RAL34826911,NULL
553,7,RAL60025272,NULL
554,6,RAL29296606,NULL
555,3,RAL10138960,NULL
556,10,RAL37383114,NULL
557,9,RAL77734792,NULL
558,1,RAL24307697,Зеленый
559,5,RAL05991693,NULL
560,2,RAL68758431,NULL
561,3,RAL79937436,Цвет морской волны
562,8,RAL29602339,NULL
563,3,RAL55371469,NULL
564,9,RAL70410648,Серебряный
565,2,RAL28038757,Темно-розовый
566,3,RAL81842537,NULL
567,1,RAL80294337,NULL
568,9,RAL44017354,Оранжевый
569,2,RAL35195405,Черный
570,2,RAL14215575,NULL
571,6,RAL09344679,NULL
572,3,RAL03216873,NULL
573,4,RAL63799774,NULL
574,9,RAL76631191,Темно-оранжевый
575,5,RAL02705187,Темно-голубой
576,8,RAL38950612,NULL
577,7,RAL28415862,Цвет морской волны
578,3,RAL48230292,Желто-зеленый
579,10,RAL62805834,NULL
580,10,RAL62342100,NULL
581,10,RAL99456832,Светло-розовый
582,2,RAL13091767,NULL
583,2,RAL60832832,NULL
584,9,RAL64089171,NULL
585,2,RAL29900008,NULL
586,10,RAL35136309,NULL
587,9,RAL98089475,NULL
588,9,RAL79424417,Темно-синий
589,8,RAL16334885,Светло-серый
590,6,RAL87076523,Фуксия
591,5,RAL78505520,NULL
592,10,RAL22379054,NULL
593,5,RAL19749839,NULL
594,6,RAL54989009,NULL
595,2,RAL22554437,NULL
596,9,RAL57103693,NULL
597,4,RAL24323390,NULL
598,9,RAL69487378,NULL
599,6,RAL42213024,Синий
600,10,RAL75706920,Аквамарин
601,9,RAL10263655,NULL
602,5,RAL17147248,NULL
603,8,RAL47652118,Бледно-зеленый
604,5,RAL89787090,NULL
605,8,RAL93830584,NULL
606,10,RAL96234884,NULL
607,8,RAL81812899,NULL
608,9,RAL63151886,NULL
609,6,RAL14535673,Темно-голубой
610,1,RAL16664999,Темно-розовый
611,7,RAL38603044,Бледно-зеленый
612,8,RAL91170262,NULL
613,10,RAL33713595,NULL
614,8,RAL63911619,NULL
615,10,RAL38971891,Светло-голубой
616,5,RAL09707375,NULL
617,8,RAL19958699,NULL
618,2,RAL71724577,NULL
619,9,RAL81991174,Светло-розовый
620,8,RAL85090057,NULL
621,1,RAL94642209,Темный хаки
622,10,RAL76553394,Тусклый серый
623,5,RAL14049460,NULL
624,10,RAL49207286,NULL
625,1,RAL64306933,NULL
626,9,RAL90686948,NULL
627,4,RAL39729170,Зеленый
628,1,RAL48825511,NULL
629,10,RAL23775534,NULL
630,1,RAL62070461,NULL
631,5,RAL28550396,NULL
632,7,RAL26160313,NULL
633,3,RAL52227264,NULL
634,8,RAL50454907,Античный Белый
635,2,RAL36668274,NULL
636,8,RAL05206612,Бледно-зеленый
637,3,RAL42970224,NULL
638,1,RAL55193405,NULL
639,9,RAL97345879,NULL
640,9,RAL40369976,NULL
641,9,RAL36754571,Темно-серый
642,5,RAL32691863,NULL
643,10,RAL32121254,NULL
644,7,RAL87193671,NULL
645,7,RAL56769289,NULL
646,7,RAL43462384,Розовый
647,6,RAL99999728,NULL
648,7,RAL80211686,NULL
649,7,RAL27770887,Темно-бирюзовый
650,6,RAL13445577,NULL
651,2,RAL35002383,NULL
652,4,RAL77059758,Коричневый
653,8,RAL66273349,Желто-зеленый
654,10,RAL14827846,NULL
655,9,RAL71686110,NULL
656,4,RAL62431248,Красный
657,10,RAL78959651,NULL
658,5,RAL35049951,Шоколадный
659,5,RAL55036061,NULL
660,7,RAL58971789,Светло-желтый
661,10,RAL98731237,Темный хаки
662,4,RAL61987203,NULL
663,10,RAL66959083,NULL
664,3,RAL15499707,NULL
665,2,RAL14765629,NULL
666,7,RAL75635077,NULL
667,7,RAL67510597,NULL
668,6,RAL22443007,NULL
669,5,RAL51193614,NULL
670,3,RAL31005753,NULL
671,10,RAL79494625,NULL
672,8,RAL02471297,NULL
673,9,RAL98117697,NULL
674,10,RAL72715802,Серый
675,1,RAL85754614,Оранжево-красный
676,10,RAL40224473,NULL
677,1,RAL02274249,NULL
678,10,RAL03052266,Желто-зеленый
679,1,RAL97967262,NULL
680,1,RAL49797992,NULL
681,1,RAL14348983,NULL
682,9,RAL79395236,NULL
683,10,RAL28064473,Розовый
684,9,RAL09666580,Шоколадный
685,8,RAL48124034,NULL
686,10,RAL80911005,Античный Белый
687,3,RAL25601947,NULL
688,6,RAL06758752,NULL
689,1,RAL97877721,NULL
690,10,RAL02250434,NULL
691,1,RAL70301946,NULL
692,6,RAL20732936,NULL
693,2,RAL11009610,Темно-зеленый
694,3,RAL75032371,NULL
695,7,RAL20588892,NULL
696,9,RAL25687958,NULL
697,6,RAL14923951,NULL
698,4,RAL00467261,NULL
699,2,RAL92494770,Темный хаки
700,6,RAL28683902,NULL
701,8,RAL88922096,NULL
702,7,RAL17217583,NULL
703,8,RAL59514824,NULL
704,7,RAL96647875,NULL
705,3,RAL62941815,NULL
706,9,RAL52506758,NULL
707,6,RAL74509058,Светло-розовый
708,1,RAL69391156,Ярко-розовый
709,1,RAL24227513,NULL
710,2,RAL13377076,NULL
711,6,RAL00177047,Цвет морской волны
712,3,RAL73648635,Синий
713,4,RAL19440712,NULL
714,6,RAL49725179,NULL
715,5,RAL86565370,Коралловый
716,7,RAL13737832,Ярко-розовый
717,9,RAL90396670,NULL
718,8,RAL83145261,NULL
719,10,RAL27315811,NULL
720,2,RAL24886932,Лазурный
721,1,RAL77957719,NULL
722,4,RAL08640352,NULL
723,10,RAL65390597,NULL
724,5,RAL85492868,Коричневый
725,5,RAL86681315,NULL
726,5,RAL25951776,NULL
727,3,RAL62130592,NULL
728,5,RAL56023275,NULL
729,10,RAL42938491,NULL
730,9,RAL40646749,Светло-синий
731,8,RAL75326623,NULL
732,5,RAL21710575,Бледно-Бирюзовый
733,2,RAL57190914,NULL
734,4,RAL90640094,NULL
735,3,RAL04088370,NULL
736,8,RAL34920831,NULL
737,6,RAL48897389,Васильковый
738,1,RAL47007208,NULL
739,9,RAL61507128,NULL
740,3,RAL97946335,NULL
741,9,RAL05749966,Темно-красный
742,7,RAL47669505,NULL
743,9,RAL36597833,Сливовый
744,3,RAL34823750,NULL
745,7,RAL67516834,Желтый
746,10,RAL42447443,Античный Белый
747,8,RAL44589448,Лазурный
748,2,RAL90025624,Сливовый
749,1,RAL24857666,NULL
750,8,RAL29326075,NULL
751,9,RAL68101664,Темно-фиолетовый
752,1,RAL86585491,Светло-серый
753,2,RAL72804513,NULL
754,9,RAL92566217,Темно-красный
755,10,RAL82825416,Оранжевый
756,5,RAL33214146,NULL
757,9,RAL67600533,NULL
758,8,RAL68698225,NULL
759,2,RAL21716096,NULL
760,9,RAL49549508,NULL
761,4,RAL53717429,NULL
762,3,RAL74595839,NULL
763,5,RAL40526768,NULL
764,4,RAL96798652,NULL
765,3,RAL75952686,NULL
766,7,RAL27751237,NULL
767,7,RAL12921034,Желтый
768,4,RAL43838790,Черный
769,4,RAL49048599,NULL
770,5,RAL72811900,NULL
771,6,RAL84283221,NULL
772,9,RAL19228433,NULL
773,9,RAL04475095,NULL
774,1,RAL37317393,NULL
775,7,RAL87823073,NULL
776,7,RAL69483936,NULL
777,8,RAL85010826,NULL
778,9,RAL85544062,NULL
779,2,RAL14812088,Васильковый
780,2,RAL92602441,NULL
781,7,RAL99631802,NULL
782,9,RAL18885958,Серый
783,6,RAL85085374,NULL
784,2,RAL24272858,NULL
785,6,RAL91327109,Розовый
786,8,RAL92058439,Сине-фиолетовый
787,5,RAL74060757,Оранжевый
788,6,RAL70853469,Сине-фиолетовый
789,6,RAL08379948,NULL
790,3,RAL43342747,NULL
791,9,RAL84523020,Бледно-Бирюзовый
792,1,RAL42786368,NULL
793,9,RAL45799662,Светло-синий
794,2,RAL99123772,NULL
795,5,RAL74527847,NULL
796,8,RAL51237738,NULL
797,3,RAL97707936,Фуксия
798,7,RAL74818099,NULL
799,9,RAL01642346,Оранжевый
800,1,RAL89077412,Золотой
801,1,RAL09758117,NULL
802,2,RAL70155112,NULL
803,6,RAL23238510,NULL
804,1,RAL78808515,NULL
805,1,RAL31633413,Бирюзовый
806,7,RAL71318554,NULL
807,6,RAL79777803,Бледно-зеленый
808,9,RAL94770483,NULL
809,1,RAL61154117,NULL
810,1,RAL02178646,Темно-бирюзовый
811,3,RAL65200193,NULL
812,9,RAL44591731,NULL
813,7,RAL76302695,NULL
814,2,RAL22294869,NULL
815,7,RAL78246140,NULL
816,10,RAL92534384,NULL
817,4,RAL90447884,NULL
818,6,RAL60414090,Розовый
819,9,RAL20106720,NULL
820,3,RAL41549971,NULL
821,5,RAL42119517,NULL
822,10,RAL97647607,NULL
823,4,RAL90939822,NULL
824,9,RAL32457940,NULL
825,8,RAL89225318,NULL
826,9,RAL14229893,NULL
827,5,RAL71572512,NULL
828,8,RAL43773275,NULL
829,2,RAL87259742,Оранжевый
830,3,RAL98557967,NULL
831,1,RAL65413227,Хаки
832,1,RAL46521071,Малиновый
833,9,RAL75809348,NULL
834,7,RAL13375904,NULL
835,4,RAL00754996,NULL
836,10,RAL55804158,NULL
837,4,RAL82279158,NULL
838,6,RAL49624182,NULL
839,9,RAL57891118,NULL
840,1,RAL53275219,NULL
841,4,RAL18343120,Бежевый
842,4,RAL36851652,NULL
843,3,RAL48026444,NULL
844,7,RAL34009765,NULL
845,4,RAL66917106,NULL
846,4,RAL30130524,Аквамарин
847,8,RAL75421458,Розовый
848,1,RAL04222453,NULL
849,5,RAL66655701,NULL
850,9,RAL41010815,NULL
851,3,RAL12587513,NULL
852,1,RAL32161854,NULL
853,5,RAL02606149,NULL
854,9,RAL93769174,Темно-голубой
855,10,RAL25044393,NULL
856,7,RAL20748920,Красный
857,6,RAL32320770,Цвет морской волны
858,7,RAL44937454,NULL
859,4,RAL94258127,Светло-голубой
860,10,RAL20865825,NULL
861,6,RAL38604201,Розовато-лавандовый
862,8,RAL31024020,NULL
863,9,RAL23597853,NULL
864,4,RAL72724019,NULL
865,1,RAL19615523,NULL
866,8,RAL17420303,Светло-розовый
867,9,RAL87090277,NULL
868,6,RAL39359513,NULL
869,6,RAL58960523,Темно-красный
870,10,RAL39208880,NULL
871,5,RAL26905105,NULL
872,9,RAL92299726,NULL
873,2,RAL58365090,NULL
874,6,RAL36586936,NULL
875,10,RAL98638833,NULL
876,9,RAL72055144,NULL
877,4,RAL03336830,NULL
878,4,RAL11051688,NULL
879,7,RAL98591886,Индиго
880,3,RAL66080466,NULL
881,5,RAL99030933,NULL
882,6,RAL90706561,Темно-голубой
883,8,RAL47238671,NULL
884,5,RAL10637128,NULL
885,9,RAL21438943,NULL
886,8,RAL16228214,NULL
887,7,RAL94222722,NULL
888,6,RAL09805880,NULL
889,5,RAL34547366,NULL
890,5,RAL00927284,NULL
891,8,RAL48530057,NULL
892,10,RAL65661321,NULL
893,3,RAL62556682,NULL
894,9,RAL65919484,Античный Белый
895,7,RAL53070630,NULL
896,8,RAL47382107,Коричневый
897,10,RAL47683921,NULL
898,9,RAL44376734,NULL
899,4,RAL41240557,NULL
900,5,RAL48434133,NULL
901,3,RAL07034596,NULL
902,1,RAL52030079,NULL
903,1,RAL11329244,NULL
904,2,RAL75153755,Тусклый серый
905,9,RAL60902030,NULL
906,4,RAL70807394,Темно-розовый
907,9,RAL43244669,NULL
908,6,RAL28813880,NULL
909,1,RAL60149008,NULL
910,1,RAL32991895,NULL
911,5,RAL41477557,Малиновый
912,6,RAL37303884,Шоколадный
913,10,RAL00439923,NULL
914,10,RAL92525412,NULL
915,3,RAL06276614,NULL
916,9,RAL90888076,NULL
917,8,RAL57878874,Васильковый
918,8,RAL01306057,NULL
919,6,RAL82600457,NULL
920,4,RAL53199249,NULL
921,9,RAL35641544,NULL
922,9,RAL41139127,NULL
923,9,RAL65028087,Бирюзовый
924,8,RAL26387796,Темно-голубой
925,4,RAL98366200,NULL
926,3,RAL69193903,NULL
927,6,RAL48255943,NULL
928,9,RAL73196884,NULL
929,6,RAL87967784,NULL
930,6,RAL72123195,Оранжевый
931,3,RAL05941292,NULL
932,7,RAL74188383,NULL
933,7,RAL93883955,NULL
934,5,RAL88506319,NULL
935,10,RAL73078708,Розовый
936,4,RAL95270869,Коричневый
937,3,RAL54647428,NULL
938,9,RAL95068510,NULL
939,8,RAL63095227,NULL
940,2,RAL09168671,NULL
941,3,RAL17017602,NULL
942,6,RAL72523520,NULL
943,10,RAL74357550,NULL
944,1,RAL06195328,NULL
945,7,RAL28827764,NULL
946,7,RAL18961089,NULL
947,9,RAL73207924,NULL
948,6,RAL05964062,NULL
949,3,RAL79551212,Темно-оранжевый
950,3,RAL13553975,NULL
951,7,RAL76530258,NULL
952,10,RAL23950016,NULL
953,10,RAL49504910,Зеленый
954,1,RAL89599525,Бледно-зеленый
955,2,RAL40663883,Желто-зеленый
956,5,RAL37528102,NULL
957,10,RAL07248153,NULL
958,8,RAL07166327,NULL
959,7,RAL18820836,NULL
960,2,RAL36930111,NULL
961,5,RAL91728487,Коричневый
962,9,RAL90316685,NULL
963,1,RAL29324835,NULL
964,7,RAL62508797,NULL
965,4,RAL01944167,NULL
966,5,RAL26679280,NULL
967,3,RAL71783550,NULL
968,9,RAL29404872,NULL
969,1,RAL38850547,NULL
970,4,RAL32771916,Сливовый
971,6,RAL87597073,NULL
972,4,RAL92742994,NULL
973,3,RAL48099912,NULL
974,6,RAL17396059,NULL
975,6,RAL48126823,NULL
976,1,RAL44522636,NULL
977,7,RAL11556053,NULL
978,9,RAL01634693,NULL
979,3,RAL17700054,NULL
980,8,RAL77838964,NULL
981,4,RAL48507509,Темно-бирюзовый
982,10,RAL34331170,NULL
983,1,RAL22047205,NULL
984,1,RAL11547884,Цвет морской волны
985,3,RAL97662778,NULL
986,4,RAL43634309,NULL
987,4,RAL66385899,Желтый
988,7,RAL13914875,NULL
989,8,RAL03829615,Цвет морской волны
990,3,RAL42947561,NULL
991,5,RAL71850573,NULL
992,3,RAL73782148,Оранжево-красный
993,4,RAL20637408,NULL
994,7,RAL39253583,Тусклый серый
995,6,RAL24177382,NULL
996,5,RAL38070099,Фиолетовый
997,8,RAL38830815,NULL
998,7,RAL02156491,Малиновый
999,2,RAL08440358,NULL
1000,10,RAL46820419,Светло-розовый
1001,5,RAL84495013,NULL
1002,3,RAL96981078,NULL
1003,5,RAL40423029,NULL
1004,10,RAL20185565,Бледно-зеленый
1005,3,RAL90369230,NULL
1006,6,RAL18842623,Аквамарин
1007,7,RAL98476107,NULL
1008,9,RAL75495602,NULL
1009,5,RAL39483003,NULL
1010,4,RAL43583263,Зеленый
1011,7,RAL17149082,NULL
1012,8,RAL11796183,Коралловый
1013,7,RAL29335497,NULL
1014,10,RAL42492726,Бледно-зеленый
1015,7,RAL90744457,NULL
1016,8,RAL77289049,NULL
1017,3,RAL35582274,NULL
1018,2,RAL94852394,NULL
1019,1,RAL18816983,NULL
1020,2,RAL36644124,NULL
1021,4,RAL39029935,NULL
1022,7,RAL71634234,NULL
1023,8,RAL99094225,NULL
1024,9,RAL63809619,NULL
1025,8,RAL74347858,NULL
1026,9,RAL86130271,NULL
1027,1,RAL32071849,NULL
1028,5,RAL26139838,NULL
1029,6,RAL22980397,NULL
1030,4,RAL81328871,Оранжевый
1031,2,RAL54414655,NULL
1032,3,RAL67944897,Каштановый
1033,6,RAL91567888,NULL
1034,2,RAL39688705,NULL
1035,2,RAL06365738,NULL
1036,9,RAL10436110,Розовато-лавандовый
1037,4,RAL96956892,NULL
1038,8,RAL60985583,NULL
1039,3,RAL99472641,NULL
1040,1,RAL60255846,NULL
1041,9,RAL70251418,Малиновый
1042,4,RAL53517951,NULL
1043,6,RAL39270573,NULL
1044,3,RAL56373363,Бледно-зеленый
1045,2,RAL21195112,Тусклый серый
1046,8,RAL83759659,NULL
1047,5,RAL35241874,NULL
1048,1,RAL04615477,Шоколадный
1049,6,RAL45083075,NULL
1050,10,RAL54528758,NULL
1051,3,RAL53838520,NULL
1052,4,RAL43490585,Темно-красный
1053,8,RAL22613714,NULL
1054,9,RAL05384631,NULL
1055,4,RAL59785828,NULL
1056,7,RAL39401168,Бледно-Бирюзовый
1057,1,RAL57960326,NULL
1058,6,RAL54602700,NULL
1059,2,RAL14433009,Оранжевый
1060,1,RAL05315307,NULL
1061,10,RAL96474945,NULL
1062,9,RAL22316523,NULL
1063,6,RAL76444302,NULL
1064,4,RAL46725028,NULL
1065,2,RAL96053874,Аквамарин
1066,9,RAL67312276,Темно-фиолетовый
1067,3,RAL09582651,NULL
1068,8,RAL85590632,NULL
1069,10,RAL86205931,NULL
1070,5,RAL54596900,Малиновый
1071,10,RAL06025656,NULL
1072,7,RAL78077324,Черный
1073,1,RAL00227209,NULL
1074,7,RAL90271588,NULL
1075,3,RAL80665595,NULL
1076,1,RAL28767657,NULL
1077,1,RAL98656660,NULL
1078,7,RAL52953880,NULL
1079,5,RAL38160080,NULL
1080,4,RAL75577162,Тусклый серый
1081,7,RAL81828470,NULL
1082,2,RAL08876959,NULL
1083,10,RAL69093159,NULL
1084,7,RAL98477692,Бледно-Бирюзовый
1085,1,RAL43406487,NULL
1086,4,RAL28430995,Золотой
1087,1,RAL26260969,Бирюзовый
1088,7,RAL53227713,NULL
1089,3,RAL44108625,NULL
1090,7,RAL89226834,NULL
1091,7,RAL44545772,Коричневый
1092,4,RAL65017142,NULL
1093,1,RAL37381240,NULL
1094,2,RAL18661033,NULL
1095,8,RAL00365055,Малиновый
1096,9,RAL45031755,NULL
1097,10,RAL39978288,NULL
1098,3,RAL78540576,NULL
1099,7,RAL64254937,Темно-розовый
1100,6,RAL48164481,Светло-серый
1101,1,RAL22221353,NULL
1102,8,RAL97490838,Коричневый
1103,6,RAL99320652,NULL
1104,4,RAL57121222,NULL
1105,9,RAL33156927,NULL
1106,2,RAL99562458,NULL
1107,2,RAL83352546,NULL
1108,4,RAL53282583,NULL
1109,7,RAL79452199,NULL
1110,7,RAL44670290,Светло-серый
1111,9,RAL98501977,NULL
1112,4,RAL53613653,NULL
1113,3,RAL87184037,NULL
1114,1,RAL18635881,Темно-синий
1115,10,RAL19929279,NULL
1116,10,RAL46263995,NULL
1117,6,RAL00885850,NULL
1118,6,RAL41169711,NULL
1119,9,RAL23651586,NULL
1120,10,RAL11753469,NULL
1121,2,RAL48973519,NULL
1122,7,RAL88630946,NULL
1123,1,RAL59139102,NULL
1124,9,RAL13733582,NULL
1125,6,RAL61255203,NULL
1126,4,RAL47534261,NULL
1127,7,RAL98993086,NULL
1128,2,RAL31308885,NULL
1129,4,RAL05269815,NULL
1130,6,RAL24205887,Серый
1131,1,RAL01593129,NULL
1132,3,RAL26135755,Аквамарин
1133,10,RAL17846455,NULL
1134,9,RAL73447696,NULL
1135,9,RAL86433594,NULL
1136,9,RAL11957546,NULL
1137,6,RAL82784720,NULL
1138,4,RAL55691505,NULL
1139,3,RAL80856115,NULL
1140,3,RAL05145133,NULL
1141,1,RAL36892426,NULL
1142,3,RAL50881925,NULL
1143,10,RAL33231952,Темно-красный
1144,5,RAL31184267,NULL
1145,9,RAL39713162,NULL
1146,4,RAL12275113,NULL
1147,8,RAL76586521,NULL
1148,10,RAL72275214,NULL
1149,10,RAL46604729,Светло-желтый
1150,10,RAL65389560,Темно-розовый
1151,3,RAL43954896,Сливовый
1152,5,RAL85416796,NULL
1153,3,RAL75154158,NULL
1154,6,RAL46334985,NULL
1155,7,RAL86067508,NULL
1156,1,RAL61482098,Каштановый
1157,10,RAL59945543,Серебряный
1158,4,RAL74846283,Бледно-зеленый
1159,7,RAL04774747,NULL
1160,4,RAL11987086,NULL
1161,5,RAL91453396,Бледно-зеленый
1162,2,RAL36456031,Сливовый
1163,5,RAL92785021,NULL
1164,3,RAL15959225,Светло-желтый
1165,3,RAL86965101,Красный
1166,7,RAL34728260,NULL
1167,9,RAL65261255,NULL
1168,9,RAL03356814,Бирюзовый
1169,7,RAL62428552,NULL
1170,4,RAL03193464,NULL
1171,7,RAL16658288,NULL
1172,10,RAL00061261,NULL
1173,10,RAL28385691,NULL
1174,8,RAL89220108,Сине-фиолетовый
1175,8,RAL01511703,NULL
1176,8,RAL47474321,NULL
1177,10,RAL53342218,NULL
1178,9,RAL04546191,NULL
1179,9,RAL90446450,NULL
1180,6,RAL43015658,Васильковый
1181,7,RAL41320525,NULL
1182,3,RAL08246226,NULL
1183,9,RAL49473230,Ярко-розовый
1184,2,RAL06249830,NULL
1185,5,RAL86586405,NULL
1186,8,RAL18131345,Тусклый серый
1187,10,RAL20130091,Светло-синий
1188,5,RAL85443112,NULL
1189,4,RAL15175465,NULL
1190,7,RAL74848102,NULL
1191,4,RAL21136320,NULL
1192,4,RAL19477312,Темно-красный
1193,1,RAL86307239,NULL
1194,10,RAL90651083,NULL
1195,1,RAL26549101,NULL
1196,3,RAL47332706,NULL
1197,8,RAL40598499,NULL
1198,5,RAL04870142,NULL
1199,1,RAL27441794,Сливовый
1200,10,RAL75329594,Аквамарин
1201,5,RAL92307322,NULL
1202,7,RAL29599691,NULL
1203,1,RAL45628382,NULL
1204,8,RAL18782189,NULL
1205,5,RAL76280603,NULL
1206,1,RAL39127617,Желтый
1207,9,RAL99884079,NULL
1208,3,RAL56161663,NULL
1209,4,RAL57822938,NULL
1210,6,RAL99219666,NULL
1211,8,RAL65276129,NULL
1212,4,RAL69841972,NULL
1213,7,RAL17294027,Темный хаки
1214,10,RAL29550654,NULL
1215,5,RAL37724290,NULL
1216,7,RAL27146002,Античный Белый
1217,4,RAL14988899,NULL
1218,4,RAL12548606,NULL
1219,6,RAL89423196,NULL
1220,4,RAL22897077,Каштановый
1221,1,RAL30342545,NULL
1222,10,RAL00123525,NULL
1223,8,RAL08045386,Античный Белый
1224,9,RAL23463226,NULL
1225,7,RAL86207492,Светло-серый
1226,6,RAL01020571,Розовый
1227,6,RAL57060255,NULL
1228,7,RAL12955343,NULL
1229,2,RAL95867526,NULL
1230,4,RAL47313644,NULL
1231,8,RAL91121738,Зеленый
1232,1,RAL82375379,Сливовый
1233,8,RAL31156196,Темно-розовый
1234,2,RAL96678015,NULL
1235,5,RAL63993233,NULL
1236,10,RAL19492704,NULL
1237,5,RAL70701852,Бледно-зеленый
1238,5,RAL73065135,NULL
1239,2,RAL00671538,NULL
1240,1,RAL22363206,Оранжево-красный
1241,5,RAL40043227,NULL
1242,6,RAL18412581,NULL
1243,4,RAL62878548,NULL
1244,9,RAL83303036,NULL
1245,3,RAL97102120,Светло-желтый
1246,2,RAL50039944,NULL
1247,5,RAL93114516,Розовый
1248,6,RAL50671472,NULL
1249,6,RAL03411797,Темно-фиолетовый
1250,8,RAL99229542,NULL
1251,6,RAL54103160,NULL
1252,4,RAL98589456,Светло-серый
1253,8,RAL32841688,NULL
1254,7,RAL37495626,NULL
1255,7,RAL74863129,NULL
1256,7,RAL45430176,NULL
1257,6,RAL57632339,NULL
1258,7,RAL00886420,Ярко-розовый
1259,10,RAL09639591,Фиолетовый
1260,2,RAL32902518,NULL
1261,10,RAL62671415,NULL
1262,4,RAL97117612,NULL
1263,2,RAL81952380,NULL
1264,2,RAL83016486,NULL
1265,10,RAL36550326,NULL
1266,8,RAL75767785,NULL
1267,9,RAL75739393,NULL
1268,1,RAL91933614,NULL
1269,10,RAL91796813,NULL
1270,2,RAL81410170,NULL
1271,9,RAL48598088,Античный Белый
1272,2,RAL26617244,NULL
1273,8,RAL52577826,NULL
1274,1,RAL82902834,Золотой
1275,4,RAL15105677,NULL
1276,8,RAL21275852,NULL
1277,10,RAL10330074,NULL
1278,9,RAL81531936,NULL
1279,6,RAL70090864,NULL
1280,4,RAL38923289,Коралловый
1281,6,RAL68497026,NULL
1282,3,RAL35298496,Пурпурный
1283,4,RAL84312976,NULL
1284,5,RAL80052869,NULL
1285,5,RAL26654904,Темно-бирюзовый
1286,1,RAL19603834,NULL
1287,5,RAL23620278,Хаки
1288,4,RAL19356914,NULL
1289,2,RAL25891829,NULL
1290,9,RAL03405536,NULL
1291,3,RAL95961071,Черный
1292,7,RAL13477226,Оранжевый
1293,9,RAL00702911,Белый
1294,5,RAL95997179,NULL
1295,10,RAL19757902,NULL
1296,10,RAL13001889,NULL
1297,10,RAL68505752,Светло-синий
1298,10,RAL52836343,NULL
1299,3,RAL99923174,Индиго
1300,4,RAL86820066,NULL
1301,3,RAL38948916,Оранжево-красный
1302,5,RAL05040902,NULL
1303,4,RAL91045379,Хаки
1304,1,RAL68406998,NULL
1305,8,RAL87482850,NULL
1306,7,RAL90314230,Серый
1307,5,RAL74298709,NULL
1308,1,RAL33369266,NULL
1309,8,RAL84967015,NULL
1310,8,RAL06248628,Светло-серый
1311,10,RAL70641073,Пурпурный
1312,4,RAL54846692,Розовый
1313,6,RAL66339267,NULL
1314,10,RAL59696353,NULL
1315,2,RAL48936415,NULL
1316,4,RAL27737354,Бирюзовый
1317,10,RAL18915501,NULL
1318,3,RAL22351722,NULL
1319,6,RAL82319649,NULL
1320,10,RAL45714146,NULL
1321,10,RAL73559955,NULL
1322,6,RAL31999434,NULL
1323,1,RAL58624661,NULL
1324,10,RAL67219810,Шоколадный
1325,4,RAL66502449,Малиновый
1326,2,RAL59508786,NULL
1327,1,RAL58757062,Фуксия
1328,9,RAL11194088,Серый
1329,7,RAL37980160,NULL
1330,1,RAL31543705,NULL
1331,3,RAL64541280,NULL
1332,2,RAL77628640,NULL
1333,2,RAL80517719,Светло-розовый
1334,6,RAL10576342,NULL
1335,9,RAL05037810,NULL
1336,10,RAL74579976,Светло-голубой
1337,4,RAL63746051,NULL
1338,3,RAL70437744,Фуксия
1339,9,RAL05655342,NULL
1340,8,RAL78304383,Светло-голубой
1341,7,RAL66303268,Бирюзовый
1342,6,RAL36189823,Темно-зеленый
1343,8,RAL47920033,Индиго
1344,6,RAL48049665,Оранжево-красный
1345,5,RAL99755652,NULL
1346,6,RAL04510109,NULL
1347,9,RAL31163576,Бирюзовый
1348,8,RAL94443134,NULL
1349,9,RAL87727296,NULL
1350,5,RAL52685774,Темно-зеленый
1351,8,RAL01973594,NULL
1352,1,RAL10823507,Васильковый
1353,9,RAL05222179,NULL
1354,8,RAL79514491,NULL
1355,9,RAL09899902,NULL
1356,3,RAL45169786,NULL
1357,7,RAL98269969,NULL
1358,7,RAL02445236,NULL
1359,1,RAL80097372,NULL
1360,8,RAL44825232,NULL
1361,6,RAL03961018,NULL
1362,2,RAL63585049,NULL
1363,10,RAL93961325,NULL
1364,6,RAL86360289,NULL
1365,5,RAL83907661,NULL
1366,3,RAL57434681,Светло-розовый
1367,1,RAL71483054,NULL
1368,5,RAL31852692,NULL
1369,7,RAL68484606,NULL
1370,10,RAL27651902,NULL
1371,10,RAL30373815,NULL
1372,9,RAL68485931,NULL
1373,10,RAL06266806,Зеленый
1374,10,RAL88268712,NULL
1375,4,RAL54997653,NULL
1376,7,RAL85368972,NULL
1377,6,RAL25764529,NULL
1378,10,RAL97080442,Каштановый
1379,3,RAL15257680,NULL
1380,2,RAL17879897,NULL
1381,9,RAL17896160,NULL
1382,10,RAL43153640,NULL
1383,1,RAL59482703,NULL
1384,9,RAL92500211,NULL
1385,5,RAL91392404,NULL
1386,8,RAL94786163,NULL
1387,3,RAL51707903,Бежевый
1388,4,RAL96578674,NULL
1389,4,RAL14446061,Малиновый
1390,9,RAL55388955,NULL
1391,5,RAL77110060,NULL
1392,8,RAL14782985,Сливовый
1393,6,RAL58678039,NULL
1394,4,RAL66135418,Темно-розовый
1395,1,RAL09719248,Золотой
1396,3,RAL29101252,NULL
1397,9,RAL78060791,Темно-фиолетовый
1398,4,RAL28438281,NULL
1399,8,RAL73754336,NULL
1400,2,RAL00148641,Коралловый
1401,4,RAL51686925,Красный
1402,8,RAL62752053,NULL
1403,1,RAL98786541,Темный хаки
1404,9,RAL97500278,NULL
1405,4,RAL25329582,NULL
1406,8,RAL89522462,Хаки
1407,10,RAL70904185,NULL
1408,3,RAL43107001,NULL
1409,5,RAL40676081,NULL
1410,9,RAL32469486,NULL
1411,6,RAL73964056,NULL
1412,4,RAL42926719,Бледно-зеленый
1413,2,RAL71239019,NULL
1414,9,RAL52630729,NULL
1415,4,RAL83166952,NULL
1416,2,RAL11575818,NULL
1417,7,RAL28137092,NULL
1418,4,RAL85882911,Оранжевый
1419,2,RAL31741200,NULL
1420,8,RAL91573964,NULL
1421,3,RAL49061376,NULL
1422,9,RAL61945722,Тусклый серый
1423,6,RAL32390988,NULL
1424,4,RAL91097071,NULL
1425,5,RAL59651772,NULL
1426,4,RAL81157617,NULL
1427,5,RAL13170707,NULL
1428,4,RAL00845847,NULL
1429,8,RAL60317056,NULL
1430,10,RAL88253930,Коричневый
1431,5,RAL97398608,Желтый
1432,3,RAL33425269,NULL
1433,4,RAL38609862,NULL
1434,5,RAL19418827,NULL
1435,4,RAL21320736,Античный Белый
1436,2,RAL24746724,NULL
1437,9,RAL62024891,NULL
1438,4,RAL39384058,NULL
1439,5,RAL73057291,NULL
1440,5,RAL30532441,NULL
1441,1,RAL36519545,Сливовый
1442,5,RAL28701613,NULL
1443,6,RAL82046514,NULL
1444,1,RAL41362730,Светло-серый
1445,5,RAL81626083,NULL
1446,7,RAL36239085,NULL
1447,5,RAL11697565,NULL
1448,9,RAL03204139,Лазурный
1449,7,RAL37520823,NULL
1450,6,RAL22193414,NULL
1451,7,RAL05525560,Ярко-розовый
1452,4,RAL69146534,Черный
1453,5,RAL47439696,NULL
1454,2,RAL90191800,NULL
1455,4,RAL41832738,Темно-серый
1456,4,RAL36744695,Темно-красный
1457,10,RAL91670434,NULL
1458,7,RAL59358503,NULL
1459,9,RAL04173465,NULL
1460,7,RAL80582601,Бежевый
1461,2,RAL44190507,NULL
1462,4,RAL44586751,NULL
1463,10,RAL76085871,NULL
1464,2,RAL41693056,NULL
1465,4,RAL05222810,NULL
1466,1,RAL05558667,Темно-серый
1467,2,RAL62157438,NULL
1468,9,RAL18138764,NULL
1469,5,RAL38084997,Фуксия
1470,8,RAL17600613,NULL
1471,3,RAL98634521,NULL
1472,9,RAL26349497,Светло-синий
1473,7,RAL31553667,NULL
1474,2,RAL41564431,NULL
1475,4,RAL99692797,NULL
1476,5,RAL54870123,NULL
1477,9,RAL53831743,NULL
1478,7,RAL62968621,NULL
1479,5,RAL40606880,Аквамарин
1480,5,RAL70499698,NULL
1481,10,RAL19662664,NULL
1482,7,RAL89638088,NULL
1483,2,RAL48040235,NULL
1484,3,RAL92335899,NULL
1485,4,RAL91330130,NULL
1486,7,RAL69742958,NULL
1487,6,RAL02799223,NULL
1488,7,RAL29147724,NULL
1489,7,RAL50465156,NULL
1490,7,RAL67429837,Светло-розовый
1491,7,RAL49974782,Коралловый
1492,8,RAL58943618,Оранжевый
1493,10,RAL91056597,NULL
1494,6,RAL47982208,NULL
1495,6,RAL55059589,Бледно-зеленый
1496,10,RAL36094608,NULL
1497,10,RAL64003696,Светло-розовый
1498,9,RAL88833606,NULL
1499,1,RAL16073821,Темно-розовый
1500,8,RAL19293004,NULL
