1,693,АО «Селиверстова-Калинина»,+7 (658) 238-15-40,+7 (524) 327-19-52,off703@yahoo.com,0169061197,042284707,043761969,41804938348579953058
2,214,"ИП «Пахомова, Мухина и Журавлева»",+7 (980) 650-92-58,+7 (984) 143-33-19,maybe13235@yahoo.com,2075499454,042088106,044085239,40502292929490676430
3,363,Фомин Инк,+7 (270) 453-78-44,+7 (211) 199-71-50,peace18135@yahoo.com,4188962074,047577056,042218871,52404392166871047673
4,801,ОАО «Никитин-Князев»,+7 (324) 660-57-71,+7 (103) 913-68-64,hour21448@yahoo.com,7057617111,045383857,049021057,50401940215868175185
5,264,ИП «Яковлева-Давыдова»,+7 (162) 271-88-83,+7 (890) 120-70-22,reach23352@yahoo.com,0547873070,046835678,044658123,31103976452868750927
6,327,Центральная пригородная пассажирская компания,+7 (443) 854-59-66,+7 (486) 167-61-85,card25549@yahoo.com,3366999189,042474909,049419054,31504050014858030598
7,127,Углетранс,+7 (171) 455-63-23,+7 (206) 605-92-99,himself26653@yahoo.com,0742909121,045684977,040130148,51501756299479456685
8,700,АО «Лебедев-Шашков»,+7 (204) 274-82-23,+7 (279) 855-11-46,how27740@yahoo.com,8423338067,042928090,041468960,51003764017412618425
9,345,"РАО «Комаров, Хохлов и Ершова»",+7 (252) 519-66-62,+7 (318) 957-31-80,front29757@yahoo.com,6614100181,041110420,048094609,31003104276081515500
10,272,РАО «Матвеева Матвеева»,+7 (314) 334-24-30,+7 (153) 409-96-12,Congress30639@yahoo.com,5408789768,043323861,043260900,40403999890378716441
11,166,АвтоГермес,+7 (119) 985-62-14,+7 (203) 997-87-45,according30922@yahoo.com,1857282167,045308687,049574352,50301702402505148110
12,65,АО «Селезнев-Самсонова»,+7 (686) 599-90-97,+7 (161) 336-80-37,much31979@yahoo.com,4531012379,043205164,047165868,41102784990305971026
13,157,Лебедев Групп,+7 (954) 100-29-44,+7 (155) 187-61-63,different32688@yahoo.com,5311991258,047085093,047972927,50604728048288229177
14,574,ООО «Белоусов»,+7 (567) 665-82-28,+7 (159) 458-31-60,trial34207@yahoo.com,4274177279,045632360,043685547,41204400438938565994
15,477,Стройсервис,+7 (743) 197-91-58,+7 (592) 116-19-41,and34146@yahoo.com,0475969887,043260551,047103098,51503496859197990197
16,507,Тимофеева Инк,+7 (871) 437-79-80,+7 (910) 175-71-72,ball35031@yahoo.com,6465357100,043561834,049033100,20303940379326738629
17,123,ЗАО «Герасимов-Соловьева»,+7 (584) 330-24-72,+7 (325) 888-74-75,order36246@yahoo.com,4802528829,041570123,044136054,51104975588422454599
18,499,АО «Константинова Дмитриев»,+7 (686) 219-61-49,+7 (669) 810-86-10,each36116@yahoo.com,4406813036,046830225,047337070,32102214685802269182
19,257,Нефтетранссервис,+7 (192) 188-95-14,+7 (816) 635-49-99,nearly36733@yahoo.com,5514452519,043633851,047391073,30604834554821922491
20,888,"ООО «Зиновьева, Рябов и Щербаков»",+7 (606) 961-89-81,+7 (869) 222-96-37,fall37184@yahoo.com,6773953322,046774321,046999519,50302480949562079163
21,900,АО «Кондратьев»,+7 (901) 613-60-46,+7 (762) 569-68-13,back38256@yahoo.com,3537591233,048095448,041198063,50902152454411947723
22,172,Зыков Инк,+7 (273) 338-79-18,+7 (370) 576-47-25,quite38655@yahoo.com,0125119717,048598068,043758094,10402752531355317666
23,963,ИП «Блинова»,+7 (789) 259-97-23,+7 (882) 181-14-56,understand38983@yahoo.com,7168537542,044925588,040389319,40701944793969401821
24,609,НПО «Самойлова Зимин»,+7 (583) 406-81-75,+7 (744) 310-36-40,either39569@yahoo.com,2894431725,046386081,042584097,32203756707775261065
25,711,ИП «Иванов Буров»,+7 (428) 934-85-62,+7 (605) 118-69-78,thought39391@yahoo.com,4654295536,043604341,044076448,41204191616748906698
26,370,"ООО «Николаев, Тихонова и Козлов»",+7 (368) 775-53-39,+7 (757) 687-20-22,peace40434@yahoo.com,5745450445,046438611,046058731,50703646004750778977
27,29,Втормет,+7 (262) 536-90-99,+7 (561) 872-49-18,west40428@yahoo.com,5181465124,045207165,042994755,50101986847430682688
28,792,Норникель,+7 (408) 720-93-50,+7 (286) 763-55-83,street40926@yahoo.com,4027173576,049268141,043767992,31902156688036599263
29,16,Московский кредитный банк,+7 (367) 162-46-12,+7 (402) 719-63-77,successful41275@yahoo.com,8289918777,045755172,043619078,42401932147343796611
30,72,РАО «Медведев-Архипова»,+7 (216) 658-91-57,+7 (295) 819-41-96,language41061@yahoo.com,3262373284,047679170,045253485,51602941606112422022
31,235,Мясников Инк,+7 (156) 170-41-90,+7 (628) 498-30-24,ahead42047@yahoo.com,5712434423,044614668,047682051,51701985009321633090
32,415,ЭР-Телеком Холдинг,+7 (907) 775-89-50,+7 (510) 791-64-67,also42001@yahoo.com,0725879533,045788223,047565294,51404533813606855811
33,589,"ЗАО «Дроздов, Жданов и Колесников»",+7 (643) 114-64-14,+7 (296) 352-17-23,bad42708@yahoo.com,7311957814,048013145,043090075,50104214321016724239
34,46,Гордеев Лтд,+7 (701) 489-29-23,+7 (852) 894-78-77,together42883@yahoo.com,1885918983,048210066,044113832,31503340234666104418
35,886,Ачимгаз,+7 (971) 947-54-20,+7 (650) 507-62-70,every42756@yahoo.com,6742382069,043552621,044296082,32603174414999359173
36,169,ОАО «Лукин-Кононова»,+7 (398) 847-13-21,+7 (430) 127-57-56,real43474@yahoo.com,1237378461,047924055,043830055,51604400147355632150
37,258,Шестакова Групп,+7 (351) 917-63-98,+7 (261) 754-50-90,shake43602@yahoo.com,6172228168,042891206,046527258,52501646165399180106
38,639,Буров Лтд,+7 (819) 640-29-38,+7 (700) 701-61-75,situation44041@yahoo.com,9287644346,042877433,043470772,52101052514167637189
39,638,Уварова и партнеры,+7 (747) 468-54-43,+7 (866) 567-65-44,school44325@yahoo.com,7440317700,043708976,042754065,52303951599341505290
40,449,Кондратьева и партнеры,+7 (359) 941-36-73,+7 (297) 298-71-70,home44270@yahoo.com,3472853209,046013072,046400251,10903222979332938428
41,777,Бурова Лимитед,+7 (610) 989-72-10,+7 (734) 872-15-16,spring44488@yahoo.com,4739256416,049891077,043363070,31603728103771224860
42,543,ОАО «Самсонов Антонов»,+7 (851) 586-58-91,+7 (937) 562-49-77,civil44325@yahoo.com,1902520659,043402300,048782079,30501960089466202813
43,744,Газнефтетрэйдинг,+7 (239) 567-43-77,+7 (363) 433-81-95,television44747@yahoo.com,7288624740,046753318,048382469,51303558245923152353
44,450,"АО «Тимофеева, Бобылева и Виноградов»",+7 (651) 174-25-99,+7 (422) 520-43-35,arm45326@yahoo.com,3198338804,041792140,043436675,50604414286722998859
45,421,ОАО «Федоров Бобров»,+7 (538) 220-56-31,+7 (357) 627-30-55,herself45382@yahoo.com,2269000716,040130500,047696444,31401978478929650407
46,960,"ООО «Большакова, Емельянова и Пестов»",+7 (258) 753-33-28,+7 (890) 854-47-95,change45665@yahoo.com,8797638651,044158866,046692928,30602192155771817315
47,894,НПО «Петухова Григорьева»,+7 (731) 769-19-21,+7 (590) 963-93-44,stage45964@yahoo.com,1225578392,049218071,044407932,41404360124684120087
48,94,ООО «Субботин-Данилова»,+7 (658) 684-32-99,+7 (437) 541-16-24,cup46245@yahoo.com,6497541905,043413901,046508117,32102600872669138291
49,497,АО «Кузнецова Кириллов»,+7 (315) 205-22-89,+7 (141) 237-70-50,the46599@yahoo.com,7302283238,049190469,040779585,30102398837545517949
50,630,НПО «Гаврилов Костин»,+7 (783) 298-85-12,+7 (434) 385-83-95,energy46263@yahoo.com,1775859326,042001552,044526076,41601340112516038159
51,73,Роберт Бош (Robert Bosch),+7 (378) 329-33-57,+7 (177) 815-24-22,than47172@yahoo.com,5593312543,044022066,043077074,32004941148321654335
52,326,АО «Кудряшов-Зуев»,+7 (802) 484-11-45,+7 (733) 167-49-76,begin47236@yahoo.com,7166268710,041056749,042564116,40303702438698131825
53,322,ООО «Дьячков Воробьева»,+7 (649) 308-71-20,+7 (481) 897-90-62,involve47473@yahoo.com,8193426767,042558514,048471092,40602504274078708719
54,572,РАО «Денисов Соколов»,+7 (723) 631-61-35,+7 (513) 785-61-15,left47100@yahoo.com,2950126541,043767070,042585142,10703498895745068832
55,102,ИП «Гущина Рыбаков»,+7 (696) 474-32-59,+7 (296) 835-41-20,face47357@yahoo.com,8939608285,043828958,040506957,31804498203870564792
56,667,ОАО «Прохорова»,+7 (802) 648-12-13,+7 (520) 534-39-13,stay47547@yahoo.com,4632929605,049021664,049630084,31701901647884034493
57,6,АО «Лебедева Михайлова»,+7 (989) 787-44-36,+7 (527) 435-88-14,major48318@yahoo.com,3985347222,047928082,049465816,50502604757168924678
58,972,АО «Никонова-Кошелев»,+7 (367) 420-26-79,+7 (937) 551-59-57,political47964@yahoo.com,2118653738,046705072,042799052,40303970088698866723
59,959,"ОАО «Симонова, Гурьев и Котов»",+7 (201) 111-35-57,+7 (864) 638-89-39,expert48207@yahoo.com,5021859723,041429069,041536941,51902440145842667361
60,384,НПО «Волкова-Носова»,+7 (189) 665-90-35,+7 (895) 395-28-81,area48626@yahoo.com,3982186263,047697729,046090413,50501132555476625705
61,702,АО «Князева-Максимов»,+7 (642) 364-80-55,+7 (983) 812-71-53,fly48346@yahoo.com,1541616952,049366070,044997322,32004682909978596360
62,821,ИП «Герасимова Ситников»,+7 (338) 415-22-68,+7 (102) 816-34-25,professional48522@yahoo.com,6778335545,048013893,047996130,43004156304591922220
63,66,"ИП «Мясникова, Панов и Кабанова»",+7 (565) 142-19-93,+7 (565) 749-69-16,fish49092@yahoo.com,7632778207,047803221,047528094,20304152313755179900
64,926,Доронин Групп,+7 (117) 247-88-46,+7 (489) 707-36-50,company49074@yahoo.com,4621763193,045769087,042252697,30701985097888261043
65,934,ЭйчПи Инк (HP Inc.),+7 (493) 129-36-45,+7 (613) 137-57-48,herself48946@yahoo.com,6982131132,049088097,042481390,50702368938458013158
66,987,Остин,+7 (218) 461-62-86,+7 (799) 379-96-60,major49516@yahoo.com,2899101248,044227778,048418501,32603818891412267230
67,625,Уралкалий,+7 (305) 272-80-88,+7 (611) 601-16-90,age49619@yahoo.com,0876665847,048091871,043592709,52101060386830511857
68,828,Бристоль,+7 (934) 439-42-10,+7 (423) 319-16-40,fill49337@yahoo.com,7756910458,049952669,042480911,30403044486580445071
69,240,АО «Шубин-Кононова»,+7 (318) 588-56-77,+7 (721) 311-38-25,high50159@yahoo.com,6992966966,047318054,048816059,31302748725402453697
70,671,ЗАО «Осипова-Игнатьев»,+7 (635) 111-12-46,+7 (664) 675-41-79,unit49483@gmail.com,4056297858,047806080,044476093,42202340136002412615
71,394,ЗАО «Миронов Федотова»,+7 (423) 634-87-36,+7 (215) 694-76-53,final50311@gmail.com,6294526771,047038066,044196856,41303578226217507102
72,36,Лаврентьев Лимитед,+7 (956) 238-33-82,+7 (337) 920-72-71,education49780@gmail.com,3895698681,045773701,045821863,32503324308888725365
73,465,ОАО «Лыткина Шилов»,+7 (828) 681-52-93,+7 (577) 529-81-66,buy50606@gmail.com,6523475000,045489054,043804070,32501434058084621238
74,563,Концерн Автоматика,+7 (257) 971-38-97,+7 (306) 439-41-28,traditional50803@gmail.com,8660360822,049302081,047795539,30304072791649772232
75,912,НПО «Блинов-Павлова»,+7 (775) 656-77-66,+7 (598) 882-15-68,base50494@gmail.com,8271582340,049170090,041016579,52202332811190903701
76,3,ООО «Макаров-Зыков»,+7 (533) 504-51-20,+7 (320) 457-12-95,kind50724@gmail.com,7167693041,043789614,040172265,31201504469482240515
77,521,Фомин Лтд,+7 (527) 644-99-99,+7 (988) 830-66-42,international50416@gmail.com,8059285791,040558097,045409899,51601706052269384817
78,316,Водоканал Санкт-Петербурга,+7 (852) 544-16-26,+7 (497) 777-97-88,management51251@gmail.com,2002281985,049372071,048465555,40803566989428621759
79,513,Швабе,+7 (761) 749-59-15,+7 (830) 646-30-90,claim51365@gmail.com,8635170000,042786604,044720265,32001933814873905792
80,484,Юдина и партнеры,+7 (845) 480-91-64,+7 (648) 367-24-59,store51345@gmail.com,1948710652,043723918,040390190,10702440277929647686
81,597,ОАО «Харитонов»,+7 (359) 732-12-54,+7 (214) 542-87-97,member51507@gmail.com,7140965121,040885792,047895947,40602462190076026819
82,397,ОАО «Лазарева»,+7 (105) 343-84-18,+7 (142) 518-55-65,activity51021@gmail.com,4630512012,048899068,049394420,30904188162864974909
83,280,ЗАО «Кудряшов-Ильин»,+7 (813) 336-81-15,+7 (142) 235-58-91,exist52089@gmail.com,6756477634,047073924,045751602,42003036483378441195
84,747,ОАО «Сазонова»,+7 (182) 536-10-65,+7 (921) 682-21-79,exist52161@gmail.com,3156569623,042521237,043325908,50804418210035972111
85,568,АО «Семенова-Попов»,+7 (913) 856-32-13,+7 (891) 698-56-16,American52206@gmail.com,5631659620,046023052,049265887,52403706828662474022
86,603,НИПИ НГ Петон,+7 (904) 205-87-49,+7 (167) 195-50-97,certain51994@gmail.com,9217673840,041196082,048889889,32602600755264692261
87,588,Осипов Лтд,+7 (392) 569-93-14,+7 (642) 771-11-32,outside51634@gmail.com,4238223547,043600052,043409741,31502524787124631222
88,616,ООО «Игнатова»,+7 (933) 539-63-50,+7 (781) 165-14-17,according51847@gmail.com,0553141853,041480396,047579097,10403840132285220427
89,663,АО «Кононова Фокина»,+7 (400) 115-89-32,+7 (678) 974-32-87,enough52448@gmail.com,0481662639,043586099,044160921,51502068739527507451
90,640,ООО «Романов-Сергеев»,+7 (486) 800-54-18,+7 (345) 907-62-41,oil52593@gmail.com,7578030403,045758791,046733340,51602410965398943490
91,686,АО «Трофимова-Пестов»,+7 (567) 137-50-99,+7 (643) 558-32-39,stand52095@gmail.com,2670605365,044493978,046453202,51403348640958819471
92,532,"АО «Шубина, Федотов и Лаврентьева»",+7 (879) 856-11-77,+7 (653) 633-37-46,modern52485@gmail.com,5039824601,045627228,043017132,31001760778132324791
93,727,АО «Денисов Тетерина»,+7 (420) 865-81-60,+7 (230) 985-69-14,tend52971@gmail.com,6339679354,048805063,045418451,41101191150385239723
94,701,ОАО «Кузнецов»,+7 (766) 881-82-71,+7 (623) 111-83-26,generation53208@gmail.com,9075989211,045624343,044758835,52203174378980369314
95,651,ОАО «Романов»,+7 (769) 412-65-19,+7 (418) 671-64-64,range52915@gmail.com,6710101597,045290666,047818069,30903682707015147676
96,815,РАО «Лобанов»,+7 (798) 714-74-46,+7 (524) 885-89-71,city52978@gmail.com,1309616608,047662760,040373059,51603060272006266735
97,325,АО «Аксенов»,+7 (569) 881-12-81,+7 (269) 690-89-37,policy52949@gmail.com,8111075479,048396379,042913093,51103971472323095892
98,734,Рожкова и партнеры,+7 (338) 198-54-26,+7 (918) 623-34-48,fast53588@gmail.com,7079279770,042929055,049189592,51201498240280934234
99,437,"ОАО «Савин, Рыбаков и Алексеев»",+7 (578) 215-71-83,+7 (160) 121-87-28,improve53558@gmail.com,1610098479,043381069,044681544,51104952337555517334
100,82,"ОАО «Юдин, Игнатьев и Силина»",+7 (527) 447-76-28,+7 (468) 456-24-16,wall53263@gmail.com,2416159387,045808402,045332073,40503704703190180901
101,170,Селиверстова Лтд,+7 (855) 489-47-76,+7 (535) 754-47-99,several53393@gmail.com,4597832968,048505809,042908253,20302752260498966651
102,720,Нефтехимсервис,+7 (736) 837-64-89,+7 (863) 572-66-13,parent53505@gmail.com,4279948454,048583052,043856601,50503634501503695568
103,509,ОАО «Шилова Костина»,+7 (189) 724-78-44,+7 (348) 291-85-12,education53550@gmail.com,3959110570,044780077,047780094,40501972822476254208
104,411,АО «Фокин-Соколов»,+7 (668) 214-26-55,+7 (509) 377-52-36,forget53752@gmail.com,6545115177,041010680,049729881,41404818423520904138
105,836,РАО «Комиссарова»,+7 (499) 251-91-34,+7 (216) 249-15-33,future54444@gmail.com,8943386980,049930246,049100088,50802376418449036780
106,870,АО «Евсеев Ковалев»,+7 (936) 545-53-36,+7 (461) 325-12-24,enjoy54260@gmail.com,6151217422,045699392,049999050,42101548771017032465
107,819,"НПО «Волкова, Титов и Лаврентьева»",+7 (536) 967-98-80,+7 (705) 159-38-99,produce54291@gmail.com,5599948624,043263094,045426130,10503104655327909639
108,925,Селиверстов Лтд,+7 (168) 697-52-50,+7 (468) 694-15-99,check53899@gmail.com,6521018375,041298774,049016935,32502968190683640491
109,95,АО «Андреев Егоров»,+7 (605) 541-34-71,+7 (437) 266-50-23,area53966@gmail.com,8121061362,043458054,041121096,52501756611035385394
110,771,Тетерина Инкорпорэйтед,+7 (598) 907-53-79,+7 (482) 295-78-40,pressure54235@gmail.com,7708150246,046066486,041085196,31001634060924345749
111,389,ВЭБ.РФ,+7 (361) 443-32-74,+7 (556) 264-80-11,street54472@gmail.com,4803569659,042806077,046756623,42203242569356715289
112,940,ООО «Осипов-Лазарева»,+7 (473) 298-38-88,+7 (959) 433-89-37,run54251@gmail.com,1561745057,049035097,041490329,51803860813885941095
113,491,Богданова и партнеры,+7 (663) 506-40-64,+7 (209) 867-94-77,return55038@gmail.com,5086692367,040164694,045093732,31301242848861306653
114,679,Остин,+7 (799) 502-11-73,+7 (156) 561-61-54,go55027@gmail.com,7332791743,048489423,049038648,51204328930739179599
115,333,ОАО «Устинов»,+7 (112) 464-70-18,+7 (707) 276-88-87,per55218@gmail.com,1355333890,049477874,049051355,32403208723969534246
116,757,Миронова и партнеры,+7 (128) 742-31-71,+7 (633) 435-95-71,newspaper55211@gmail.com,4221338268,048924158,048728880,43001710478893353223
117,31,ЧТПЗ,+7 (837) 327-33-30,+7 (895) 278-42-77,poor55338@gmail.com,2961621298,049365666,041005729,32904332670197220726
118,906,Тева (Teva),+7 (817) 324-20-12,+7 (928) 994-18-58,television55101@gmail.com,1357615259,042004270,048429888,30104978353759327138
119,142,ЗАО «Шашков Кириллова»,+7 (736) 260-10-43,+7 (826) 688-69-24,talk55115@gmail.com,5838692214,048758092,049214549,40701578821545272233
120,670,Большаков Групп,+7 (436) 253-93-48,+7 (887) 501-77-71,how55580@gmail.com,0492034643,049526835,047069751,51501454695560171671
121,684,АО «Шестакова-Ильина»,+7 (419) 699-60-25,+7 (597) 712-16-46,turn55877@gmail.com,9128052190,049861913,049706097,41101776268049274120
122,520,АО «Мясников-Алексеева»,+7 (338) 400-42-10,+7 (529) 448-17-80,husband55355@gmail.com,6773155041,046693111,044166055,32101682106917667533
123,136,Самсунг Электроникс Рус Калуга (Samsung),+7 (565) 169-52-49,+7 (453) 757-96-16,Democrat55915@gmail.com,4409300850,048499559,046621068,31903191815717474505
124,643,ИП «Меркушев Силина»,+7 (428) 845-75-83,+7 (143) 796-66-88,ability55146@gmail.com,6653388252,048067598,047822059,30901498592283408546
125,776,"НПО «Титов, Мишина и Ефимова»",+7 (987) 255-46-42,+7 (204) 813-37-40,true55969@gmail.com,0552603110,047190656,041232215,10603764096400373375
126,424,Костин Инк,+7 (658) 248-59-19,+7 (820) 690-17-15,from56252@gmail.com,7756239166,049720685,041184065,43004860553535531125
127,375,"ИП «Сысоев, Воронова и Лукин»",+7 (427) 316-57-55,+7 (164) 217-42-27,pattern55640@gmail.com,6029339936,044720237,045818059,40303052689509870582
128,631,РАО «Карпов»,+7 (747) 289-36-14,+7 (550) 910-25-89,with55607@gmail.com,1582007999,048491480,044461087,50102454273773388594
129,173,НПО «Рыбакова-Игнатьева»,+7 (283) 707-16-11,+7 (308) 415-30-46,since55924@gmail.com,8741664191,041993165,046757058,40802232451147565497
130,282,НПО «Морозова Петров»,+7 (191) 499-85-27,+7 (410) 385-36-75,weight55808@gmail.com,3276287388,043401267,041121889,41702462433152320728
131,203,АО «Цветкова-Логинова»,+7 (807) 775-30-44,+7 (436) 158-29-70,truth55710@gmail.com,8191047393,048611778,044496078,50201072353677270187
132,377,Мамонтова Лимитед,+7 (262) 844-19-21,+7 (115) 814-77-16,man55854@gmail.com,0396177014,045235130,043016960,31104060806960663311
133,595,Ефремов Групп,+7 (308) 123-22-96,+7 (951) 437-50-85,political56108@gmail.com,6597488229,047057093,048968066,43002132331215652452
134,983,ЗАО «Кириллов-Соловьева»,+7 (898) 804-61-84,+7 (875) 219-84-37,either56834@gmail.com,5833430511,041486090,046925857,30602985849710547058
135,885,АО «Агафонов Крылова»,+7 (187) 372-11-21,+7 (552) 287-77-22,move56561@gmail.com,8845885830,040776328,044221074,30104986392260995815
136,831,ГК Автодилерство,+7 (665) 649-61-31,+7 (187) 692-23-79,can56535@gmail.com,4852573591,045738756,049051072,41503032146371016529
137,920,Сэтл групп,+7 (365) 963-73-43,+7 (434) 169-83-82,memory56307@gmail.com,1856614772,046971644,042565072,40103064823386035433
138,765,ОАО «Савельев-Кузнецов»,+7 (751) 466-73-85,+7 (773) 296-43-17,six56538@gmail.com,5802497146,041236251,049363971,51601418282712663716
139,804,"ООО «Овчинников, Зайцев и Щербакова»",+7 (171) 944-45-45,+7 (934) 742-73-52,statement56880@gmail.com,9014625560,041531097,047857776,42503496357512351703
140,58,ООО «Меркушев-Гурьева»,+7 (545) 623-91-23,+7 (662) 390-63-15,fight56876@yandex.ru,6445917441,048982067,048626090,41403764071966133034
141,930,ИП «Фокина Силин»,+7 (730) 140-41-62,+7 (770) 706-64-31,before57012@yandex.ru,2444167527,045203058,043509185,50902566117017988525
142,167,НПО «Попова»,+7 (669) 104-78-42,+7 (944) 370-90-36,rest56624@yandex.ru,2785151855,047924093,049455075,40603458619951632255
143,865,РАО «Федосеев Логинова»,+7 (456) 563-51-60,+7 (900) 286-30-34,evening56776@yandex.ru,3464094780,042708078,043433055,30601949595557674857
144,533,ООО «Рожков»,+7 (965) 436-97-56,+7 (783) 144-27-59,thousand57249@yandex.ru,2470369872,047669053,047102065,40202946351670255616
145,63,РАО «Архипов-Филиппова»,+7 (836) 601-27-73,+7 (405) 474-22-87,race56802@yandex.ru,1919616768,047774377,049778089,52303008000212342119
146,472,"НПО «Попова, Якушев и Абрамов»",+7 (194) 703-94-89,+7 (957) 392-35-26,authority57281@yandex.ru,5955936601,044973509,043836490,51903036436303637559
147,751,НПО «Кононова-Красильников»,+7 (561) 741-82-57,+7 (101) 911-41-81,serve57706@yandex.ru,2357552434,048173098,040516088,30604356426487347597
148,993,ООО «Богданов Белова»,+7 (507) 841-36-31,+7 (672) 673-38-33,analysis56916@yandex.ru,5254888389,045269341,043303091,10602446959908132302
149,593,ТД БелАЗ,+7 (477) 672-18-13,+7 (360) 275-49-19,let57559@yandex.ru,7295165135,049915895,045603486,30103230913687085775
